text,bbox,font_size,font_name,page_num,page_width,page_height,font_weight,x,y,norm_x,norm_y,text_length,num_words,is_all_caps,is_centered,numbering_depth,relative_font_size,percent_punct
Overview,"(252.64999389648438, 189.62002563476562, 365.9539489746094, 216.38002014160156)",24.0,"Arial,Bold",1,612.0,792.0,1,252.64999389648438,189.62002563476562,0.4128267874125562,0.23941922428632023,8,1,0,1,0,2.40963854498791,0.0
Foundation Level Extensions,"(139.3459930419922, 244.84402465820312, 479.3563537597656, 271.6040344238281)",24.0,"Arial,Bold",1,612.0,792.0,1,139.3459930419922,244.84402465820312,0.22768953111436632,0.3091464957805595,27,3,0,1,0,2.40963854498791,0.0
Version 1.0,"(275.69000244140625, 382.4300231933594, 339.8179931640625, 395.80999755859375)",12.0,Arial,1,612.0,792.0,0,275.69000244140625,382.4300231933594,0.4504738601983762,0.48286619090070626,11,2,0,1,0,1.204819272493955,0.09090909090909091
International Software Testing Qualifications Board,"(103.33999633789062, 465.6999816894531, 513.4158935546875, 485.7699890136719)",18.0,Arial,1,612.0,792.0,0,103.33999633789062,465.6999816894531,0.16885620316648794,0.5880050273856732,51,5,0,1,0,1.8072289087409326,0.0
"Copyright Notice This document may be copied in its entirety, or extracts made, if the source is acknowledged.","(70.94400024414062, 652.2861938476562, 484.9912109375, 674.9153442382812)",9.960000038146973,Arial,1,612.0,792.0,0,70.94400024414062,652.2861938476562,0.11592156902637357,0.8235936791005761,110,18,0,1,0,1.0,0.02727272727272727
International,"(447.9100036621094, 38.62621307373047, 505.6795349121094, 49.73161315917969)",9.960000038146973,Arial,2,612.0,792.0,0,447.9100036621094,38.62621307373047,0.7318790909511591,0.04877047105268999,13,1,0,0,0,1.0,0.0
Overview,"(74.42400360107422, 41.58000183105469, 127.78800964355469, 54.96000289916992)",12.0,Arial,2,612.0,792.0,0,74.42400360107422,41.58000183105469,0.1216078490213631,0.05250000231193774,8,1,0,0,0,1.204819272493955,0.0
Software Testing Foundation Level Extension – Agile Tester Qualifications Board,"(74.42400360107422, 50.14617156982422, 522.8401489257812, 72.77159118652344)",9.960000038146973,Arial,2,612.0,792.0,0,74.42400360107422,50.14617156982422,0.1216078490213631,0.0633158731942225,79,10,0,1,0,1.0,0.0
Copyright © International Software Testing Qualifications Board (hereinafter called ISTQB®).,"(70.94400024414062, 120.36620330810547, 483.2471923828125, 131.4716033935547)",9.960000038146973,Arial,2,612.0,792.0,0,70.94400024414062,120.36620330810547,0.11592156902637357,0.1519775294294261,92,10,0,1,0,1.0,0.03260869565217391
"Version 2014 Page 2 of 12 May 31, 2014","(76.58135986328125, 718.683349609375, 533.1318359375, 730.0775756835938)",9.960000038146973,Trebuchet MS,2,612.0,792.0,0,76.58135986328125,718.683349609375,0.12513294095307395,0.9074284717290089,38,9,0,1,0,1.0,0.02631578947368421
© International Software Testing Qualifications Board,"(76.58399963378906, 736.8900146484375, 219.2940216064453, 743.5800170898438)",6.0,Arial,2,612.0,792.0,0,76.58399963378906,736.8900146484375,0.1251372543035769,0.9304166851621686,53,6,0,0,0,0.6024096362469775,0.0
International,"(447.9100036621094, 38.62621307373047, 505.6795349121094, 49.73161315917969)",9.960000038146973,Arial,3,612.0,792.0,0,447.9100036621094,38.62621307373047,0.7318790909511591,0.04877047105268999,13,1,0,0,0,1.0,0.0
Overview,"(74.42400360107422, 41.58000183105469, 127.78800964355469, 54.96000289916992)",12.0,Arial,3,612.0,792.0,0,74.42400360107422,41.58000183105469,0.1216078490213631,0.05250000231193774,8,1,0,0,0,1.204819272493955,0.0
Software Testing Foundation Level Extension – Agile Tester Qualifications Board,"(74.42400360107422, 50.14617156982422, 522.8402099609375, 72.77159118652344)",9.960000038146973,Arial,3,612.0,792.0,0,74.42400360107422,50.14617156982422,0.1216078490213631,0.0633158731942225,79,10,0,1,0,1.0,0.0
Revision History,"(70.94400024414062, 108.93620300292969, 201.52871704101562, 126.73160552978516)",15.960000038146973,"Arial,Bold",3,612.0,792.0,1,70.94400024414062,108.93620300292969,0.11592156902637357,0.13754571086228495,16,2,0,0,0,1.6024096362469775,0.0
Version Date Remarks,"(74.42400360107422, 139.44622802734375, 323.5996398925781, 150.55162048339844)",9.960000038146973,"Arial,Bold",3,612.0,792.0,1,74.42400360107422,139.44622802734375,0.1216078490213631,0.17606846973149462,20,3,0,0,0,1.0,0.0
0.1 18 JUNE 2013 Initial version 0.2 23 JULY 2013 WG reviewed and confirmed 0.3 6 NOV 2013 amended population and diagram 0.7 11 DEC 2013 Amended Business Outcomes and Chapters matching 0.8 20 DEC 2013 Working group updates on 0.7 1.0 31 MAY 2014 GA release for Agile Extension,"(74.42400360107422, 151.80621337890625, 522.174072265625, 224.1116180419922)",9.960000038146973,Arial,3,612.0,792.0,0,74.42400360107422,151.80621337890625,0.1216078490213631,0.19167451184205334,277,50,0,1,2,1.0,0.02527075812274368
"Version 2014 Page 3 of 12 May 31, 2014","(76.58399963378906, 718.6875610351562, 533.1344604492188, 730.081787109375)",9.960000038146973,Trebuchet MS,3,612.0,792.0,0,76.58399963378906,718.6875610351562,0.1251372543035769,0.9074337891858033,38,9,0,1,0,1.0,0.02631578947368421
© International Software Testing Qualifications Board,"(76.58399963378906, 736.8900146484375, 219.2940216064453, 743.5800170898438)",6.0,Arial,3,612.0,792.0,0,76.58399963378906,736.8900146484375,0.1251372543035769,0.9304166851621686,53,6,0,0,0,0.6024096362469775,0.0
International,"(447.9100036621094, 38.62621307373047, 505.6795349121094, 49.73161315917969)",9.960000038146973,Arial,4,612.0,792.0,0,447.9100036621094,38.62621307373047,0.7318790909511591,0.04877047105268999,13,1,0,0,0,1.0,0.0
Overview,"(74.42400360107422, 41.58000183105469, 127.78800964355469, 54.96000289916992)",12.0,Arial,4,612.0,792.0,0,74.42400360107422,41.58000183105469,0.1216078490213631,0.05250000231193774,8,1,0,0,0,1.204819272493955,0.0
Software Testing Foundation Level Extension – Agile Tester Qualifications Board,"(74.42400360107422, 50.14617156982422, 522.8401489257812, 72.77159118652344)",9.960000038146973,Arial,4,612.0,792.0,0,74.42400360107422,50.14617156982422,0.1216078490213631,0.0633158731942225,79,10,0,1,0,1.0,0.0
Table of Contents,"(70.94400024414062, 108.93620300292969, 208.75860595703125, 126.73160552978516)",15.960000038146973,"Arial,Bold",4,612.0,792.0,1,70.94400024414062,108.93620300292969,0.11592156902637357,0.13754571086228495,17,3,0,0,0,1.6024096362469775,0.0
.......................................................................................................................................... Revision History 3,"(70.94400024414062, 144.7261962890625, 543.4862060546875, 155.8315887451172)",9.960000038146973,"Arial,Bold",4,612.0,792.0,1,70.94400024414062,144.7261962890625,0.11592156902637357,0.18273509632457385,157,4,0,1,0,1.0,0.8789808917197452
........................................................................................................................................ Table of Contents 4,"(70.9439697265625, 162.1263427734375, 543.4862060546875, 173.2317352294922)",9.960000038146973,"Arial,Bold",4,612.0,792.0,1,70.9439697265625,162.1263427734375,0.11592151916104984,0.20470497824928977,156,5,0,1,0,1.0,0.8717948717948718
............................................................................ 1. Introduction to the Foundation Level Extensions 6,"(70.9439697265625, 179.64599609375, 543.4862060546875, 190.7513885498047)",9.960000038146973,"Arial,Bold",4,612.0,792.0,1,70.9439697265625,179.64599609375,0.11592151916104984,0.22682575264362373,129,9,0,1,0,1.0,0.5968992248062015
............................................................... 2. Introduction to Foundation Level Agile Tester Extension 7,"(70.9439697265625, 197.1656494140625, 543.4862060546875, 208.2710418701172)",9.960000038146973,"Arial,Bold",4,612.0,792.0,1,70.9439697265625,197.1656494140625,0.11592151916104984,0.2489465270379577,124,10,0,1,0,1.0,0.5161290322580645
..................................................................................................................... 2.1 Intended Audience 7 ............................................................................................................ 2.2 Career Paths for Testers 7 ................................................................................................................... 2.3 Learning Objectives 7 ................................................................................................................... 2.4 Entry Requirements 8 ................................................................................................... 2.5 Structure and Course Duration 8 ...................................................................................................................... 2.6 Keeping It Current 9,"(80.90396118164062, 214.8048095703125, 543.4961547851562, 283.4392395019531)",9.960000038146973,Arial,4,612.0,792.0,0,80.90396118164062,214.8048095703125,0.13219601500268077,0.2712181939019097,844,35,0,1,0,1.0,0.8033175355450237
Overview of the Foundation Level Extension – Agile Tester Syllabus ......................................... 3. 10,"(70.95391845703125, 288.2598571777344, 543.3507690429688, 301.5465087890625)",9.960000038146973,"Arial,Bold",4,612.0,792.0,1,70.95391845703125,288.2598571777344,0.11593777525658701,0.363964466133503,114,13,0,1,0,1.0,0.3684210526315789
................................................................................................................. 3.1 Business Outcomes 10 .................................................................................................................................... 3.2 Content 10,"(80.90402221679688, 307.37310791015625, 543.3507690429688, 329.8827209472656)",9.960000038146973,Arial,4,612.0,792.0,0,80.90402221679688,307.37310791015625,0.13219611473332823,0.3880973584724195,286,9,0,1,0,1.0,0.8636363636363636
.......................................................................................................................................... 4. References 12,"(70.94400024414062, 336.17742919921875, 543.3507690429688, 347.2828369140625)",9.960000038146973,"Arial,Bold",4,612.0,792.0,1,70.94400024414062,336.17742919921875,0.11592156902637357,0.42446645100911456,155,4,0,1,0,1.0,0.896774193548387
............................................................................................................................. 4.1 Trademarks 12 ....................................................................................................... 4.2 Documents and Web Sites 12,"(80.90402221679688, 353.81658935546875, 543.3607788085938, 376.4457092285156)",9.960000038146973,Arial,4,612.0,792.0,0,80.90402221679688,353.81658935546875,0.13219611473332823,0.4467381178730666,278,11,0,1,0,1.0,0.8273381294964028
"Version 2014 Page 4 of 12 May 31, 2014","(76.601318359375, 718.711181640625, 533.1517944335938, 730.1054077148438)",9.960000038146973,Trebuchet MS,4,612.0,792.0,0,76.601318359375,718.711181640625,0.12516555287479575,0.9074636131826074,38,9,0,1,0,1.0,0.02631578947368421
© International Software Testing Qualifications Board,"(76.58399963378906, 736.8900146484375, 219.2940216064453, 743.5800170898438)",6.0,Arial,4,612.0,792.0,0,76.58399963378906,736.8900146484375,0.1251372543035769,0.9304166851621686,53,6,0,0,0,0.6024096362469775,0.0
International,"(447.9100036621094, 38.62621307373047, 505.6795349121094, 49.73161315917969)",9.960000038146973,Arial,5,612.0,792.0,0,447.9100036621094,38.62621307373047,0.7318790909511591,0.04877047105268999,13,1,0,0,0,1.0,0.0
Overview,"(74.42400360107422, 41.58000183105469, 127.78800964355469, 54.96000289916992)",12.0,Arial,5,612.0,792.0,0,74.42400360107422,41.58000183105469,0.1216078490213631,0.05250000231193774,8,1,0,0,0,1.204819272493955,0.0
Software Testing Foundation Level Extension – Agile Tester Qualifications Board,"(74.42400360107422, 50.14617156982422, 522.8401489257812, 72.77159118652344)",9.960000038146973,Arial,5,612.0,792.0,0,74.42400360107422,50.14617156982422,0.1216078490213631,0.0633158731942225,79,10,0,1,0,1.0,0.0
Acknowledgements,"(70.94400024414062, 108.93620300292969, 213.7381591796875, 126.73160552978516)",15.960000038146973,Arial,5,612.0,792.0,0,70.94400024414062,108.93620300292969,0.11592156902637357,0.13754571086228495,16,1,0,0,0,1.6024096362469775,0.0
This document was produced by a team from the International Software Testing Qualifications Board Foundation Level Working Group.,"(70.94400024414062, 144.84619140625, 518.44384765625, 167.3557586669922)",9.960000038146973,Arial,5,612.0,792.0,0,70.94400024414062,144.84619140625,0.11592156902637357,0.1828866053109217,129,18,0,1,0,1.0,0.007751937984496124
The Agile Extension team thanks the review team and the National Boards for their suggestions and input.,"(70.94400024414062, 179.287841796875, 542.4205322265625, 190.3932342529297)",9.960000038146973,Arial,5,612.0,792.0,0,70.94400024414062,179.287841796875,0.11592156902637357,0.2263735376223169,104,17,0,1,0,1.0,0.009615384615384616
"At the time the Foundation Level Agile Extension Syllabus was completed, the Agile Extension Working Group had the following membership: Rex Black (Chair), Bertrand Cornanguer (Vice Chair), Gerry Coleman (Learning Objectives Lead), Debra Friedenberg (Exam Lead), Alon Linetzki (Business Outcomes and Marketing Lead), Tauhida Parveen (Editor), and Leo van der Aalst (Development Lead).","(70.94400024414062, 202.3253173828125, 542.8787231445312, 247.91221618652344)",9.960000038146973,Arial,5,612.0,792.0,0,70.94400024414062,202.3253173828125,0.11592156902637357,0.25546125932173297,384,53,0,1,0,1.0,0.059895833333333336
"Authors: Rex Black, Anders Claesson, Gerry Coleman, Bertrand Cornanguer, Istvan Forgacs, Alon Linetzki, Tilo Linz, Leo van der Aalst, Marie Walsh, and Stephan Weber.","(70.94400024414062, 259.84429931640625, 509.54266357421875, 282.4734191894531)",9.960000038146973,Arial,5,612.0,792.0,0,70.94400024414062,259.84429931640625,0.11592156902637357,0.32808623651061397,165,24,0,1,0,1.0,0.06666666666666667
"Internal Reviewers: Mette Bruhn-Pedersen, Christopher Clements, Alessandro Collino, Debra Friedenberg, Kari Kakkonen, Beata Karpinska, Sammy Kolluru, Jennifer Leger, Thomas Mueller, Tuula Pääkkönen, Meile Posthuma, Gabor Puhalla, Lloyd Roden, Marko Rytkönen, Monika Stoecklein-Olsen, Robert Treffny, Chris Van Bael, and Erik van Veenendaal.","(70.94400024414062, 294.2859802246094, 529.5333862304688, 339.9625244140625)",9.960000038146973,Arial,5,612.0,792.0,0,70.94400024414062,294.2859802246094,0.11592156902637357,0.37157320735430477,340,41,0,1,0,1.0,0.061764705882352944
"The team thanks also the following persons, from the National Boards and the Agile expert community, who participated in reviewing, commenting, and balloting of the Foundation Agile Extension Syllabus: Dani Almog, Richard Berns, Stephen Bird, Monika Bögge, Afeng Chai, Josephine Crawford, Tibor Csöndes, Huba Demeter, Arnaud Foucal, Cyril Fumery, Kobi Halperin, Inga Hansen, Hanne Hinz, Jidong Hu, Phill Isles, Shirley Itah, Martin Klonk, Kjell Lauren, Igal Levi, Rik Marselis, Johan Meivert, Armin Metzger, Peter Morgan, Ninna Morin, Ingvar Nordstrom, Chris O’Dea, Klaus Olsen, Ismo Paukamainen, Nathalie Phung, Helmut Pichler, Salvatore Reale, Stuart Reid, Hans Rombouts, Petri Säilynoja, Soile Sainio, Lars-Erik Sandberg, Dakar Shalom,  Jian Shen, Marco Sogliani, Lucjan Stapp, Yaron Tsubery, Sabine Uhde, Stephanie Ulrich, Tommi Välimäki, Jurian Van de Laar, Marnix Van den Ent, António Vieira Melo, Wenye Xu, Ester Zabar, Wenqiang Zheng, Peter Zimmerer, Stevan Zivanovic, and Terry Zuo.","(70.9439697265625, 351.77508544921875, 542.8687133789062, 466.49444580078125)",9.960000038146973,Arial,5,612.0,792.0,0,70.9439697265625,351.77508544921875,0.11592151916104984,0.44416046142578125,991,141,0,1,0,1.0,0.05953582240161453
"This document was formally approved for release by the General Assembly of the ISTQB® on May 31, 2014.","(70.9439697265625, 478.3069763183594, 526.2843627929688, 500.93609619140625)",9.960000038146973,Arial,5,612.0,792.0,0,70.9439697265625,478.3069763183594,0.11592151916104984,0.6039229498969184,102,18,0,1,0,1.0,0.0196078431372549
"Version 2014 Page 5 of 12 May 31, 2014","(76.58135986328125, 718.7413940429688, 533.1318359375, 730.1356201171875)",9.960000038146973,Trebuchet MS,5,612.0,792.0,0,76.58135986328125,718.7413940429688,0.12513294095307395,0.9075017601552636,38,9,0,1,0,1.0,0.02631578947368421
© International Software Testing Qualifications Board,"(76.58399963378906, 736.8900146484375, 219.2940216064453, 743.5800170898438)",6.0,Arial,5,612.0,792.0,0,76.58399963378906,736.8900146484375,0.1251372543035769,0.9304166851621686,53,6,0,0,0,0.6024096362469775,0.0
International,"(447.9100036621094, 38.62621307373047, 505.6795349121094, 49.73161315917969)",9.960000038146973,Arial,6,612.0,792.0,0,447.9100036621094,38.62621307373047,0.7318790909511591,0.04877047105268999,13,1,0,0,0,1.0,0.0
Overview,"(74.42400360107422, 41.58000183105469, 127.78800964355469, 54.96000289916992)",12.0,Arial,6,612.0,792.0,0,74.42400360107422,41.58000183105469,0.1216078490213631,0.05250000231193774,8,1,0,0,0,1.204819272493955,0.0
Software Testing Foundation Level Extension – Agile Tester Qualifications Board,"(74.42400360107422, 50.14617156982422, 522.8402099609375, 72.77159118652344)",9.960000038146973,Arial,6,612.0,792.0,0,74.42400360107422,50.14617156982422,0.1216078490213631,0.0633158731942225,79,10,0,1,0,1.0,0.0
1. Introduction to the Foundation Level Extensions,"(70.94400024414062, 122.97618103027344, 466.01934814453125, 140.77157592773438)",15.960000038146973,Arial,6,612.0,792.0,0,70.94400024414062,122.97618103027344,0.11592156902637357,0.15527295584630485,50,7,0,1,1,1.6024096362469775,0.02
This overview document is intended for anyone with an interest in the ISTQB Foundation Level Extensions who wants a high-level introduction to the leading principles and an overview of the individual extension syllabi.,"(70.94398498535156, 146.28619384765625, 543.972412109375, 180.43907165527344)",9.960000038146973,Arial,6,612.0,792.0,0,70.94398498535156,146.28619384765625,0.1159215440937117,0.18470479021168718,218,33,0,1,0,1.0,0.009174311926605505
"From time to time, ISTQB will update this document to reflect any additional extensions that shall be introduced for the Foundation Level, or to reflect major changes in existing ones. Publications of the updated document will be available on the ISTQB website.","(70.94398498535156, 192.25164794921875, 544.0928344726562, 226.40452575683594)",9.960000038146973,Arial,6,612.0,792.0,0,70.94398498535156,192.25164794921875,0.1159215440937117,0.24274197973386205,261,42,0,1,0,1.0,0.01532567049808429
"The ISTQB Foundation and Advanced Level syllabi have been defined and have been on the market for some time. New topics emerge due to technology and methodology changes in the market which often are brought into the ISTQB program as new Expert Level syllabi. However, not all topics are suited for the Expert Level. For this reason, the extension syllabi are established at the Foundation Level to expand the ISTQB program to incorporate new or updated knowledge. New extensions shall be discussed and introduced by the ISTQB periodically. Extensions may be established at the Advanced Level as well, but that is beyond the scope of this document.","(70.94398498535156, 238.36651611328125, 544.078857421875, 318.49468994140625)",9.960000038146973,Arial,6,612.0,792.0,0,70.94398498535156,238.36651611328125,0.1159215440937117,0.3009678233753551,647,107,0,1,0,1.0,0.013910355486862442
The following Foundation Level Extension syllabus has been released:  Agile Tester,"(70.94400787353516, 330.3072509765625, 385.5306396484375, 354.36065673828125)",9.960000038146973,Arial,6,612.0,792.0,0,70.94400787353516,330.3072509765625,0.1159215814927045,0.41705460981889203,83,12,0,1,0,1.0,0.012048192771084338
"In this document, each Foundation Level Extension syllabus is summarized and the associated Business Outcomes are stated. The Business Outcomes communicate what can be expected from a person who achieves a Foundation Level Extension Certification in a particular subject area (e.g., Agile Tester), and will outline the benefits for companies that are considering the development of specific testing skills at this level.","(70.95396423339844, 365.466064453125, 544.0629272460938, 422.6862487792969)",9.960000038146973,Arial,6,612.0,792.0,0,70.95396423339844,365.466064453125,0.1159378500545726,0.46144705107717804,420,62,0,1,0,1.0,0.02142857142857143
"Version 2014 Page 6 of 12 May 31, 2014","(76.59132385253906, 718.727294921875, 533.1417846679688, 730.1215209960938)",9.960000038146973,Trebuchet MS,6,612.0,792.0,0,76.59132385253906,718.727294921875,0.12514922198127298,0.9074839582346906,38,9,0,1,0,1.0,0.02631578947368421
© International Software Testing Qualifications Board,"(76.58399963378906, 736.8900146484375, 219.2940216064453, 743.5800170898438)",6.0,Arial,6,612.0,792.0,0,76.58399963378906,736.8900146484375,0.1251372543035769,0.9304166851621686,53,6,0,0,0,0.6024096362469775,0.0
International,"(447.9100036621094, 38.62621307373047, 505.6795349121094, 49.73161315917969)",9.960000038146973,Arial,7,612.0,792.0,0,447.9100036621094,38.62621307373047,0.7318790909511591,0.04877047105268999,13,1,0,0,0,1.0,0.0
Overview,"(74.42400360107422, 41.58000183105469, 127.78800964355469, 54.96000289916992)",12.0,Arial,7,612.0,792.0,0,74.42400360107422,41.58000183105469,0.1216078490213631,0.05250000231193774,8,1,0,0,0,1.204819272493955,0.0
Software Testing Foundation Level Extension – Agile Tester Qualifications Board,"(74.42400360107422, 50.14617156982422, 522.8402099609375, 72.77159118652344)",9.960000038146973,Arial,7,612.0,792.0,0,74.42400360107422,50.14617156982422,0.1216078490213631,0.0633158731942225,79,10,0,1,0,1.0,0.0
2. Introduction to Foundation Level Agile Tester Extension,"(70.94400024414062, 122.97618103027344, 523.0668334960938, 140.77157592773438)",15.960000038146973,Arial,7,612.0,792.0,0,70.94400024414062,122.97618103027344,0.11592156902637357,0.15527295584630485,58,8,0,1,1,1.6024096362469775,0.017241379310344827
"The certification for Foundation Level Extension – Agile Tester is designed for professionals who are working within Agile environments. It is also for professionals who are planning to start implementing Agile methods in the near future, or are working within companies that plan to do so, The certification provides an advantage for those who would like to know the required Agile activities, roles, methods, and methodologies specific to their role.","(70.94400024414062, 144.81210327148438, 544.0919799804688, 203.3669891357422)",9.960000038146973,Arial,7,612.0,792.0,0,70.94400024414062,144.81210327148438,0.11592156902637357,0.1828435647367227,452,70,0,1,0,1.0,0.015486725663716814
2.1 Intended Audience,"(70.94400024414062, 217.35379028320312, 218.7164764404297, 233.00839233398438)",14.039999961853027,Arial,7,612.0,792.0,0,70.94400024414062,217.35379028320312,0.11592156902637357,0.27443660389293323,21,3,0,0,2,1.40963854498791,0.047619047619047616
"The Foundation Level Extension – Agile Tester qualification is aimed at four main groups of professionals: 1. Professionals who have achieved in-depth testing experience in traditional methods and would like to get an Agile Tester Certificate. 2. Junior professional testers who are just starting in the testing profession, have received the Foundation Level certificate, and would like to know more about the tester’s role in an Agile environment. 3. Professionals who are relatively new to testing and are required to implement test approaches, methods and techniques in their day to day job in Agile projects. 4. Professionals who are experienced in their role (including unit testing) and need more understanding and knowledge about how to perform and manage testing on all levels in Agile projects.","(70.94400024414062, 239.40213012695312, 544.0948486328125, 367.09930419921875)",9.960000038146973,Arial,7,612.0,792.0,0,70.94400024414062,239.40213012695312,0.11592156902637357,0.302275416826961,803,125,0,1,0,1.0,0.0186799501867995
"These professionals include people who are in roles such as testers, test analysts, test engineers, test consultants, test managers, user acceptance testers, and software developers.","(70.96392822265625, 378.911865234375, 543.9801635742188, 401.5609130859375)",9.960000038146973,Arial,7,612.0,792.0,0,70.96392822265625,378.911865234375,0.11595413108277165,0.478424072265625,182,25,0,1,0,1.0,0.038461538461538464
"This Foundation Level Extension – Agile Tester certification may also be appropriate for anyone who wants a deeper understanding of software testing in the Agile world, such as project managers, quality managers, software development managers, business analysts, IT directors, and management consultants.","(70.973876953125, 412.0188903808594, 543.8796997070312, 459.0500183105469)",9.960000038146973,Arial,7,612.0,792.0,0,70.973876953125,412.0188903808594,0.11597038717830882,0.5202258716930043,304,42,0,1,0,1.0,0.023026315789473683
2.2 Career Paths for Testers,"(70.94400024414062, 484.5238037109375, 255.16290283203125, 500.17840576171875)",14.039999961853027,Arial,7,612.0,792.0,0,70.94400024414062,484.5238037109375,0.11592156902637357,0.611772479433002,28,5,0,0,2,1.40963854498791,0.03571428571428571
"Building on the Foundation Level, the Agile Tester Extension supports the definition of career paths for professional testers. A person with the Agile Tester certificate has extended the broad understanding of testing acquired at the Foundation Level to enable him or her to work effectively as a professional tester in an Agile project.","(70.94400024414062, 508.0162353515625, 543.9743041992188, 553.5732421875)",9.960000038146973,Arial,7,612.0,792.0,0,70.94400024414062,508.0162353515625,0.11592156902637357,0.6414346405954072,337,53,0,1,0,1.0,0.008902077151335312
People possessing an ISTQB Foundation Level Extension – Agile Tester certificate may use the Certified Tester Foundation Level acronym CTFL-AT.,"(70.96392822265625, 564.0610961914062, 543.8438720703125, 588.164306640625)",9.960000038146973,Arial,7,612.0,792.0,0,70.96392822265625,564.0610961914062,0.11595413108277165,0.7121983537770281,143,20,0,1,0,1.0,0.013986013986013986
2.3 Learning Objectives,"(70.94400024414062, 613.673828125, 225.5960693359375, 629.3284301757812)",14.039999961853027,Arial,7,612.0,792.0,0,70.94400024414062,613.673828125,0.11592156902637357,0.7748406920770202,23,3,0,0,2,1.40963854498791,0.043478260869565216
"In general, the Foundation Level syllabus is examinable at a K1 level, i.e., the candidate will recognize, remember and recall terms and concepts stated in the Foundation Level syllabus.","(70.94400024414062, 637.1661987304688, 543.8031005859375, 659.7953491210938)",9.960000038146973,Arial,7,612.0,792.0,0,70.94400024414062,637.1661987304688,0.11592156902637357,0.8045027761748342,186,29,0,1,0,1.0,0.03763440860215054
"In addition, all Foundation Level syllabus learning objectives are examinable at the same K-level in an extension exam.","(70.94400024414062, 671.6078491210938, 543.9095458984375, 694.22705078125)",9.960000038146973,Arial,7,612.0,792.0,0,70.94400024414062,671.6078491210938,0.11592156902637357,0.8479897084862295,119,18,0,1,0,1.0,0.025210084033613446
"Version 2014 Page 7 of 12 May 31, 2014","(76.58135986328125, 718.6888427734375, 533.1318359375, 730.0830688476562)",9.960000038146973,Trebuchet MS,7,612.0,792.0,0,76.58135986328125,718.6888427734375,0.12513294095307395,0.9074354075422191,38,9,0,1,0,1.0,0.02631578947368421
© International Software Testing Qualifications Board,"(76.58399963378906, 736.8900146484375, 219.2940216064453, 743.5800170898438)",6.0,Arial,7,612.0,792.0,0,76.58399963378906,736.8900146484375,0.1251372543035769,0.9304166851621686,53,6,0,0,0,0.6024096362469775,0.0
International,"(447.9100036621094, 38.62621307373047, 505.6795349121094, 49.73161315917969)",9.960000038146973,Arial,8,612.0,792.0,0,447.9100036621094,38.62621307373047,0.7318790909511591,0.04877047105268999,13,1,0,0,0,1.0,0.0
Overview,"(74.42400360107422, 41.58000183105469, 127.78800964355469, 54.96000289916992)",12.0,Arial,8,612.0,792.0,0,74.42400360107422,41.58000183105469,0.1216078490213631,0.05250000231193774,8,1,0,0,0,1.204819272493955,0.0
Software Testing Foundation Level Extension – Agile Tester Qualifications Board,"(74.42400360107422, 50.14617156982422, 522.8402099609375, 72.77159118652344)",9.960000038146973,Arial,8,612.0,792.0,0,74.42400360107422,50.14617156982422,0.1216078490213631,0.0633158731942225,79,10,0,1,0,1.0,0.0
"That said, each extension level exam focuses on the learning objectives defined in that extension syllabus. The relevant learning objectives at K1, K2, and K3 levels are provided at the beginning of each chapter within each particular extension syllabus.","(70.94398498535156, 108.84618377685547, 543.7970581054688, 142.9990692138672)",9.960000038146973,Arial,8,612.0,792.0,0,70.94398498535156,108.84618377685547,0.1159215440937117,0.13743205022330235,254,39,0,1,0,1.0,0.01968503937007874
2.4 Entry Requirements,"(70.94400024414062, 156.99380493164062, 225.6297607421875, 172.64840698242188)",14.039999961853027,Arial,8,612.0,792.0,0,70.94400024414062,156.99380493164062,0.11592156902637357,0.19822450117631393,22,3,0,0,2,1.40963854498791,0.045454545454545456
"To be able to participate in a Foundation Level Extension – Agile Tester exam, candidates must have obtained the ISTQB Foundation Level certificate.","(70.94400024414062, 179.01211547851562, 543.9534301757812, 203.11534118652344)",9.960000038146973,Arial,8,612.0,792.0,0,70.94400024414062,179.01211547851562,0.11592156902637357,0.22602539833145913,148,23,0,1,0,1.0,0.013513513513513514
2.5 Structure and Course Duration,"(70.94400024414062, 217.11380004882812, 291.9490661621094, 232.76840209960938)",14.039999961853027,Arial,8,612.0,792.0,0,70.94400024414062,217.11380004882812,0.11592156902637357,0.2741335859202375,33,5,0,0,2,1.40963854498791,0.030303030303030304
The Foundation Level Extension – Agile Tester syllabus has no shared or common elements with the Foundation Level syllabus.,"(70.94400024414062, 239.16213989257812, 543.8368530273438, 263.265380859375)",9.960000038146973,Arial,8,612.0,792.0,0,70.94400024414062,239.16213989257812,0.11592156902637357,0.3019723988542653,123,19,0,1,0,1.0,0.008130081300813009
The syllabi must be taught in the following minimum number of days:,"(70.94400024414062, 275.07794189453125, 377.0556945800781, 286.183349609375)",9.960000038146973,Arial,8,612.0,792.0,0,70.94400024414062,275.07794189453125,0.11592156902637357,0.3473206337052162,67,12,0,1,0,1.0,0.014925373134328358
Syllabus Days,"(212.2100067138672, 301.4761962890625, 395.0034484863281, 312.58160400390625)",9.960000038146973,"Arial,Bold",8,612.0,792.0,1,212.2100067138672,301.4761962890625,0.34674837698344313,0.38065176299124054,13,2,0,1,0,1.0,0.0
Baseline: Foundation 3,"(212.2100067138672, 319.59619140625, 385.8966369628906, 330.70159912109375)",9.960000038146973,Arial,8,612.0,792.0,0,212.2100067138672,319.59619140625,0.34674837698344313,0.4035305447048611,22,3,0,1,0,1.0,0.045454545454545456
Extension: Agile Tester 2,"(212.2100067138672, 337.59619140625, 385.8966369628906, 348.70159912109375)",9.960000038146973,Arial,8,612.0,792.0,0,212.2100067138672,337.59619140625,0.34674837698344313,0.4262578174321338,25,4,0,1,0,1.0,0.04
The following figure shows the structure of the Agile Tester Extension and its relationship to the Foundation Level.,"(70.94400024414062, 367.1162109375, 543.9195556640625, 389.7453308105469)",9.960000038146973,Arial,8,612.0,792.0,0,70.94400024414062,367.1162109375,0.11592156902637357,0.4635305693655303,116,18,0,1,0,1.0,0.008620689655172414
"Version 2014 Page 8 of 12 May 31, 2014","(76.58399963378906, 718.6875610351562, 533.1344604492188, 730.081787109375)",9.960000038146973,Trebuchet MS,8,612.0,792.0,0,76.58399963378906,718.6875610351562,0.1251372543035769,0.9074337891858033,38,9,0,1,0,1.0,0.02631578947368421
© International Software Testing Qualifications Board,"(76.58399963378906, 736.8900146484375, 219.2940216064453, 743.5800170898438)",6.0,Arial,8,612.0,792.0,0,76.58399963378906,736.8900146484375,0.1251372543035769,0.9304166851621686,53,6,0,0,0,0.6024096362469775,0.0
International,"(447.9100036621094, 38.62621307373047, 505.6795349121094, 49.73161315917969)",9.960000038146973,Arial,9,612.0,792.0,0,447.9100036621094,38.62621307373047,0.7318790909511591,0.04877047105268999,13,1,0,0,0,1.0,0.0
Overview,"(74.42400360107422, 41.58000183105469, 127.78800964355469, 54.96000289916992)",12.0,Arial,9,612.0,792.0,0,74.42400360107422,41.58000183105469,0.1216078490213631,0.05250000231193774,8,1,0,0,0,1.204819272493955,0.0
Software Testing Foundation Level Extension – Agile Tester Qualifications Board,"(74.42400360107422, 50.14617156982422, 522.8402099609375, 72.77159118652344)",9.960000038146973,Arial,9,612.0,792.0,0,74.42400360107422,50.14617156982422,0.1216078490213631,0.0633158731942225,79,10,0,1,0,1.0,0.0
2.6 Keeping It Current,"(70.94400024414062, 133.95376586914062, 215.51954650878906, 149.60836791992188)",14.039999961853027,Arial,9,612.0,792.0,0,70.94400024414062,133.95376586914062,0.11592156902637357,0.16913354276406645,22,4,0,0,2,1.40963854498791,0.045454545454545456
"The software industry changes rapidly. To deal with these changes and to provide the stakeholders with access to relevant and current information, the ISTQB working groups have created links on the www.istqb.org web site which refer to supporting documents, changes to standards and new occurrences in the industry. This information is not examinable under this syllabus.","(70.94400024414062, 157.44622802734375, 543.9573364257812, 203.1228485107422)",9.960000038146973,Arial,9,612.0,792.0,0,70.94400024414062,157.44622802734375,0.11592156902637357,0.19879574245876735,371,56,0,1,0,1.0,0.018867924528301886
"Version 2014 Page 9 of 12 May 31, 2014","(76.58135986328125, 718.7022705078125, 533.1318359375, 730.0964965820312)",9.960000038146973,Trebuchet MS,9,612.0,792.0,0,76.58135986328125,718.7022705078125,0.12513294095307395,0.9074523617522885,38,9,0,1,0,1.0,0.02631578947368421
© International Software Testing Qualifications Board,"(76.58399963378906, 736.8900146484375, 219.2940216064453, 743.5800170898438)",6.0,Arial,9,612.0,792.0,0,76.58399963378906,736.8900146484375,0.1251372543035769,0.9304166851621686,53,6,0,0,0,0.6024096362469775,0.0
International,"(447.9100036621094, 38.62621307373047, 505.6795349121094, 49.73161315917969)",9.960000038146973,Arial,10,612.0,792.0,0,447.9100036621094,38.62621307373047,0.7318790909511591,0.04877047105268999,13,1,0,0,0,1.0,0.0
Overview,"(74.42400360107422, 41.58000183105469, 127.78800964355469, 54.96000289916992)",12.0,Arial,10,612.0,792.0,0,74.42400360107422,41.58000183105469,0.1216078490213631,0.05250000231193774,8,1,0,0,0,1.204819272493955,0.0
Software Testing Foundation Level Extension – Agile Tester Qualifications Board,"(74.42400360107422, 50.14617156982422, 522.8402099609375, 72.77159118652344)",9.960000038146973,Arial,10,612.0,792.0,0,74.42400360107422,50.14617156982422,0.1216078490213631,0.0633158731942225,79,10,0,1,0,1.0,0.0
3. Overview of the Foundation Level Extension – Agile Tester Syllabus,"(70.94400024414062, 117.49411010742188, 541.0394287109375, 156.13327026367188)",15.960000038146973,"Arial,Bold",10,612.0,792.0,1,70.94400024414062,117.49411010742188,0.11592156902637357,0.14835114912553268,69,11,0,1,1,1.6024096362469775,0.014492753623188406
3.1 Business Outcomes,"(70.94400024414062, 187.95376586914062, 226.28260803222656, 203.60836791992188)",14.039999961853027,Arial,10,612.0,792.0,0,70.94400024414062,187.95376586914062,0.11592156902637357,0.23731536094588462,21,3,0,0,2,1.40963854498791,0.047619047619047616
This section lists the Business Outcomes expected of a candidate who has achieved the Foundation Level Extension – Agile Tester certification.,"(70.94400024414062, 211.44622802734375, 543.5231323242188, 234.78253173828125)",9.960000038146973,Arial,10,612.0,792.0,0,70.94400024414062,211.44622802734375,0.11592156902637357,0.26697756064058553,142,21,0,1,0,1.0,0.007042253521126761
An Agile Tester can…,"(70.93403625488281, 244.44369506835938, 170.65357971191406, 257.7303466796875)",9.960000038146973,Arial,10,612.0,792.0,0,70.93403625488281,244.44369506835938,0.11590528799817452,0.30864102912671637,20,4,0,0,0,1.0,0.0
AFM1 Collaborate in a cross-functional Agile team being familiar with principles and basic practices of Agile software development.,"(107.77999877929688, 268.9561767578125, 514.0006713867188, 291.58160400390625)",9.960000038146973,Arial,10,612.0,792.0,0,107.77999877929688,268.9561767578125,0.17611110911649816,0.3395911322699653,131,18,0,1,0,1.0,0.015267175572519083
AFM2 Adapt existing testing experience and knowledge to Agile values and principles.,"(107.77999877929688, 303.5162048339844, 500.03778076171875, 314.6216125488281)",9.960000038146973,Arial,10,612.0,792.0,0,107.77999877929688,303.5162048339844,0.17611110911649816,0.3832275313560409,84,12,0,1,0,1.0,0.011904761904761904
AFM3 Support the Agile team in planning test-related activities.,"(107.77999877929688, 328.4761962890625, 397.7677917480469, 339.58160400390625)",9.960000038146973,Arial,10,612.0,792.0,0,107.77999877929688,328.4761962890625,0.17611110911649816,0.4147426720821496,64,9,0,1,0,1.0,0.03125
AFM4 Apply relevant methods and techniques for testing in an Agile project.,"(107.77999877929688, 353.55621337890625, 455.0077819824219, 364.66162109375)",9.960000038146973,Arial,10,612.0,792.0,0,107.77999877929688,353.55621337890625,0.17611110911649816,0.4464093603269018,75,12,0,1,0,1.0,0.013333333333333334
AFM5 Assist the Agile team in test automation activities.,"(107.77999877929688, 378.6361999511719, 367.28778076171875, 389.7416076660156)",9.960000038146973,Arial,10,612.0,792.0,0,107.77999877929688,378.6361999511719,0.17611110911649816,0.4780760100393584,57,9,0,1,0,1.0,0.017543859649122806
"AFM6 Assist business stakeholders in defining understandable and testable user stories, scenarios, requirements and acceptance criteria as appropriate.","(107.77999877929688, 403.7362060546875, 510.9474182128906, 426.2416076660156)",9.960000038146973,Arial,10,612.0,792.0,0,107.77999877929688,403.7362060546875,0.17611110911649816,0.5097679369377367,151,18,0,1,0,1.0,0.019867549668874173
AFM7 Work and share information with other team members using effective communication styles and channels.,"(107.77999877929688, 438.17620849609375, 522.9336547851562, 460.8016052246094)",9.960000038146973,Arial,10,612.0,792.0,0,107.77999877929688,438.17620849609375,0.17611110911649816,0.5532527885051689,106,15,0,1,0,1.0,0.009433962264150943
"In general, a Certified Tester Foundation Level – Agile Tester is expected to have acquired the necessary skills to working effectively within an Agile team and environment.","(70.9439697265625, 483.3821105957031, 539.5380859375, 507.4853210449219)",9.960000038146973,Arial,10,612.0,792.0,0,70.9439697265625,483.3821105957031,0.11592151916104984,0.6103309477218474,173,27,0,1,0,1.0,0.011560693641618497
3.2 Content,"(70.94400024414062, 533.0038452148438, 150.98606872558594, 548.658447265625)",14.039999961853027,Arial,10,612.0,792.0,0,70.94400024414062,533.0038452148438,0.11592156902637357,0.6729846530490451,11,2,0,0,2,1.40963854498791,0.09090909090909091
"Chapter 1: Agile Software Development  The tester should remember the basic concept of Agile software development based on the Agile Manifesto.  The tester should understand the advantages of the whole-team approach and the benefits of early and frequent feedback.  The tester should recall Agile software development approaches.  The tester should be able to write testable user stories in collaboration with developers and business representatives.  The tester should understand how retrospectives can be used as a mechanism for process improvement in Agile projects.  The tester should understand the use and purpose of continuous integration.  The tester should know the differences between iteration and release planning, and how a tester adds value in each of these activities.","(70.94400024414062, 556.5261840820312, 543.8905029296875, 710.3385009765625)",9.960000038146973,Arial,10,612.0,792.0,0,70.94400024414062,556.5261840820312,0.11592156902637357,0.7026845758611505,790,122,0,1,0,1.0,0.012658227848101266
"Version 2014 Page 10 of 12 May 31, 2014","(76.58135986328125, 718.7149047851562, 533.1318359375, 730.109130859375)",9.960000038146973,Trebuchet MS,10,612.0,792.0,0,76.58135986328125,718.7149047851562,0.12513294095307395,0.907468314122672,39,9,0,1,0,1.0,0.02564102564102564
© International Software Testing Qualifications Board,"(76.58399963378906, 736.8900146484375, 219.2940216064453, 743.5800170898438)",6.0,Arial,10,612.0,792.0,0,76.58399963378906,736.8900146484375,0.1251372543035769,0.9304166851621686,53,6,0,0,0,0.6024096362469775,0.0
International,"(447.9100036621094, 38.62621307373047, 505.6795349121094, 49.73161315917969)",9.960000038146973,Arial,11,612.0,792.0,0,447.9100036621094,38.62621307373047,0.7318790909511591,0.04877047105268999,13,1,0,0,0,1.0,0.0
Overview,"(74.42400360107422, 41.58000183105469, 127.78800964355469, 54.96000289916992)",12.0,Arial,11,612.0,792.0,0,74.42400360107422,41.58000183105469,0.1216078490213631,0.05250000231193774,8,1,0,0,0,1.204819272493955,0.0
Software Testing Foundation Level Extension – Agile Tester Qualifications Board,"(74.42400360107422, 50.14617156982422, 522.8401489257812, 72.77159118652344)",9.960000038146973,Arial,11,612.0,792.0,0,74.42400360107422,50.14617156982422,0.1216078490213631,0.0633158731942225,79,10,0,1,0,1.0,0.0
"Chapter 2: Fundamental Agile Testing Principles, Practices, and Processes  The tester should be able to describe the differences between testing activities in Agile projects and non-Agile projects.  The tester should be able to describe how development and testing activities are integrated in Agile projects.  The tester should be able to describe the role of independent testing in Agile projects.  The tester should be able to describe the tools and techniques used to communicate the status of testing in an Agile project, including test progress and product quality.  The tester should be able to describe the process of evolving tests across multiple iterations and explain why test automation is important to manage regression risk in Agile projects.  The tester should understand the skills (people, domain, and testing) of a tester in an Agile team.  The tester should be able to understand the role of a tester within an Agile team.","(70.94400024414062, 108.84618377685547, 543.803955078125, 251.991455078125)",9.960000038146973,Arial,11,612.0,792.0,0,70.94400024414062,108.84618377685547,0.11592156902637357,0.13743205022330235,949,156,0,1,0,1.0,0.01685985247629083
"Chapter 3: Agile Testing Methods, Techniques, and Tools  The tester should be able to recall the concepts of test-driven development, acceptance test- driven development, and behavior-driven development.  The tester should be able to recall the concepts of the test pyramid.  The tester should be able to summarize the testing quadrants and their relationships with testing levels and testing types.  For a given Agile project, the tester should be able to work as a tester in a Scrum team.  The tester should be able to assess quality risks within an Agile project.  The tester should be able to estimate testing effort based on iteration content and quality risks.  The tester should be able to interpret relevant information to support testing activities.  The tester should be able to explain to business stakeholders how to define testable acceptance criteria.  Given a user story, the tester should be able to write acceptance test-driven development test cases.  For both functional and non-functional behavior, the tester should be able to write test cases using black box test design techniques based on given user stories.  The tester should be able to perform exploratory testing to support the testing of an Agile project.  The tester should be able to recall different tools available to testers according to their purpose and to activities in Agile projects.","(70.94400024414062, 263.09686279296875, 543.9454956054688, 489.4179382324219)",9.960000038146973,Arial,11,612.0,792.0,0,70.94400024414062,263.09686279296875,0.11592156902637357,0.33219300857698075,1384,229,0,1,0,1.0,0.018063583815028903
"Version 2014 Page 11 of 12 May 31, 2014","(76.58135986328125, 718.7469482421875, 533.1318359375, 730.1411743164062)",9.960000038146973,Trebuchet MS,11,612.0,792.0,0,76.58135986328125,718.7469482421875,0.12513294095307395,0.907508773033065,39,9,0,1,0,1.0,0.02564102564102564
© International Software Testing Qualifications Board,"(76.58399963378906, 736.8900146484375, 219.2940216064453, 743.5800170898438)",6.0,Arial,11,612.0,792.0,0,76.58399963378906,736.8900146484375,0.1251372543035769,0.9304166851621686,53,6,0,0,0,0.6024096362469775,0.0
International,"(447.9100036621094, 38.62621307373047, 505.6795349121094, 49.73161315917969)",9.960000038146973,Arial,12,612.0,792.0,0,447.9100036621094,38.62621307373047,0.7318790909511591,0.04877047105268999,13,1,0,0,0,1.0,0.0
Overview,"(74.42400360107422, 41.58000183105469, 127.78800964355469, 54.96000289916992)",12.0,Arial,12,612.0,792.0,0,74.42400360107422,41.58000183105469,0.1216078490213631,0.05250000231193774,8,1,0,0,0,1.204819272493955,0.0
Software Testing Foundation Level Extension – Agile Tester Qualifications Board,"(74.42400360107422, 50.14617156982422, 522.8402099609375, 72.77159118652344)",9.960000038146973,Arial,12,612.0,792.0,0,74.42400360107422,50.14617156982422,0.1216078490213631,0.0633158731942225,79,10,0,1,0,1.0,0.0
4. References,"(70.94400024414062, 122.97618103027344, 184.21214294433594, 140.77157592773438)",15.960000038146973,Arial,12,612.0,792.0,0,70.94400024414062,122.97618103027344,0.11592156902637357,0.15527295584630485,13,2,0,0,1,1.6024096362469775,0.07692307692307693
4.1 Trademarks,"(70.94400024414062, 171.39376831054688, 176.55291748046875, 187.04837036132812)",14.039999961853027,Arial,12,612.0,792.0,0,70.94400024414062,171.39376831054688,0.11592156902637357,0.21640627311937738,14,2,0,0,2,1.40963854498791,0.07142857142857142
The following registered trademarks and service marks are used in this document:,"(70.94400024414062, 194.88623046875, 436.22711181640625, 205.9916229248047)",9.960000038146973,Arial,12,612.0,792.0,0,70.94400024414062,194.88623046875,0.11592156902637357,0.2460684728140783,80,12,0,1,0,1.0,0.0125
ISTQB ® is a registered trademark of the International Software Testing Qualifications Board,"(70.94400024414062, 219.03562927246094, 477.04315185546875, 232.02708435058594)",8.800000031789144,Arial,12,612.0,792.0,0,70.94400024414062,219.03562927246094,0.11592156902637357,0.27656013797027895,92,13,0,1,0,0.8835341363539149,0.0
4.2 Documents and Web Sites,"(70.94400024414062, 257.4637756347656, 267.7581481933594, 273.1183776855469)",14.039999961853027,Arial,12,612.0,792.0,0,70.94400024414062,257.4637756347656,0.11592156902637357,0.32508052479137073,27,5,0,0,2,1.40963854498791,0.037037037037037035
Identifier Reference,"(76.34400177001953, 280.8362121582031, 244.36508178710938, 291.9416198730469)",9.960000038146973,"Arial,Bold",12,612.0,792.0,1,76.34400177001953,280.8362121582031,0.12474510093140447,0.3545911769674282,20,2,0,0,0,1.0,0.0
[ISTQB-Web] Web site of the International Software Testing Qualifications Board. Refer to this website for the latest ISTQB Glossary and Syllabi. (www.istqb.org),"(76.34400177001953, 295.4761962890625, 520.4761962890625, 318.10162353515625)",9.960000038146973,Arial,12,612.0,792.0,0,76.34400177001953,295.4761962890625,0.12474510093140447,0.37307600541548297,161,22,0,1,0,1.0,0.055900621118012424
"Version 2014 Page 12 of 12 May 31, 2014","(76.58399963378906, 718.6875610351562, 533.1344604492188, 730.081787109375)",9.960000038146973,Trebuchet MS,12,612.0,792.0,0,76.58399963378906,718.6875610351562,0.1251372543035769,0.9074337891858033,39,9,0,1,0,1.0,0.02564102564102564
© International Software Testing Qualifications Board,"(76.58399963378906, 736.8900146484375, 219.2940216064453, 743.5800170898438)",6.0,Arial,12,612.0,792.0,0,76.58399963378906,736.8900146484375,0.1251372543035769,0.9304166851621686,53,6,0,0,0,0.6024096362469775,0.0
